[
  {
    "id": "abb1e48b-77c7-4be9-adb3-96605d276ba3",
    "data": [
      {
        "text": "One piece Movie",
        "meta": "@sys.any",
        "alias": "anime",
        "userDefined": true
      }
    ],
    "isTemplate": false,
    "count": 0,
    "lang": "en",
    "updated": 0
  },
  {
    "id": "03cfabfd-94a4-4f1e-b975-95157150ea3c",
    "data": [
      {
        "text": "Code Geass",
        "meta": "@sys.any",
        "alias": "anime",
        "userDefined": true
      }
    ],
    "isTemplate": false,
    "count": 0,
    "lang": "en",
    "updated": 0
  },
  {
    "id": "0f21e051-bbbd-46cf-aa33-c4496895cb1c",
    "data": [
      {
        "text": "Dragon ball",
        "meta": "@sys.any",
        "alias": "anime",
        "userDefined": true
      }
    ],
    "isTemplate": false,
    "count": 0,
    "lang": "en",
    "updated": 0
  },
  {
    "id": "20789866-37ee-4b25-8f5a-c0e53fdc9ed8",
    "data": [
      {
        "text": "One Piece",
        "meta": "@sys.any",
        "alias": "anime",
        "userDefined": true
      }
    ],
    "isTemplate": false,
    "count": 0,
    "lang": "en",
    "updated": 0
  },
  {
    "id": "c373005a-e2dc-442a-8da1-e00a5be08435",
    "data": [
      {
        "text": "Naruto",
        "meta": "@sys.any",
        "alias": "anime",
        "userDefined": true
      }
    ],
    "isTemplate": false,
    "count": 0,
    "lang": "en",
    "updated": 0
  },
  {
    "id": "695293b8-f6fd-40f8-9f78-712f74cd0891",
    "data": [
      {
        "text": "Bleach",
        "meta": "@sys.any",
        "alias": "anime",
        "userDefined": true
      }
    ],
    "isTemplate": false,
    "count": 0,
    "lang": "en",
    "updated": 0
  }
]